[{"id":"user-image-sd.jpg","publicUrl":"np://user.desktop.nicepage.com/Site_687504595/images/sd.jpg","size":365623,"hash":"TfapJxeVgRd/nuhqb9j+gn1Pc6k=","fileName":"sd.jpg","name":"sd","width":1644,"height":1140,"thumbnail":{"url":"np://user.desktop.nicepage.com/Site_687504595/images/thumbnails/sd.jpg","width":250,"height":173},"folderId":null,"originalUrl":"https://assets.nicepagecdn.com/d2cc3eaa/3854207/images/sd.jpg","usages":["172005245"]},{"id":"user-image-684849.png","publicUrl":"np://user.desktop.nicepage.com/Site_687504595/images/684849.png","size":2710,"hash":"9RwANPePAMfz8utoRRg59BYHb9k=","fileName":"684849.png","name":"684849","width":128,"height":128,"thumbnail":{"url":"np://user.desktop.nicepage.com/Site_687504595/images/thumbnails/684849.png","width":128,"height":128,"length":2710,"type":"png"},"folderId":null,"originalUrl":"//images01.nicepagecdn.com/c461c07a441a5d220e8feb1a/52c2c5200bd35a60a40ed6ac/684849.png","usages":["172005245"]},{"id":"user-image-733585.png","publicUrl":"np://user.desktop.nicepage.com/Site_687504595/images/733585.png","size":4252,"hash":"iDfADGol39CZimZ8sAm2uuJljxs=","fileName":"733585.png","name":"733585","width":128,"height":128,"thumbnail":{"url":"np://user.desktop.nicepage.com/Site_687504595/images/thumbnails/733585.png","width":128,"height":128,"length":4252,"type":"png"},"folderId":null,"originalUrl":"//images01.nicepagecdn.com/c461c07a441a5d220e8feb1a/b919821c7e5a5da29f18b44c/733585.png","usages":["172005245"]},{"id":"user-image-654.jpg","publicUrl":"np://user.desktop.nicepage.com/Site_687504595/images/654.jpg","size":148112,"hash":"PzOyOIwjMfTJCgsNgCNqNDclUyE=","fileName":"654.jpg","name":"654","width":1010,"height":864,"thumbnail":{"url":"np://user.desktop.nicepage.com/Site_687504595/images/thumbnails/654.jpg","width":250,"height":214},"folderId":null,"originalUrl":"https://assets.nicepagecdn.com/d2cc3eaa/3854207/images/654.jpg","usages":["2683625958"]},{"id":"user-image-wrrt.jpg","publicUrl":"np://user.desktop.nicepage.com/Site_687504595/images/wrrt.jpg","size":258664,"hash":"puB9lWDfMJ83wnsBhbzXhXdwtF4=","fileName":"wrrt.jpg","name":"wrrt","width":1010,"height":864,"thumbnail":{"url":"np://user.desktop.nicepage.com/Site_687504595/images/thumbnails/wrrt.jpg","width":250,"height":214},"folderId":null,"originalUrl":"https://assets.nicepagecdn.com/d2cc3eaa/3854207/images/wrrt.jpg","usages":["2683625958"]},{"id":"user-image-4562.jpg","publicUrl":"np://user.desktop.nicepage.com/Site_687504595/images/4562.jpg","size":108024,"hash":"Ja+4kwCawL/7vFjNSNkCJna0spc=","fileName":"4562.jpg","name":"4562","width":800,"height":636,"thumbnail":{"url":"np://user.desktop.nicepage.com/Site_687504595/images/thumbnails/4562.jpg","width":250,"height":199},"folderId":null,"originalUrl":"https://assets.nicepagecdn.com/d2cc3eaa/3854207/images/4562.jpg","usages":["2683625958"]},{"id":"user-image-7883.jpg","publicUrl":"np://user.desktop.nicepage.com/Site_687504595/images/7883.jpg","size":104896,"hash":"Mf67QPjahruOyeoC9liVxkz5cMA=","fileName":"7883.jpg","name":"7883","width":800,"height":636,"thumbnail":{"url":"np://user.desktop.nicepage.com/Site_687504595/images/thumbnails/7883.jpg","width":250,"height":199},"folderId":null,"originalUrl":"https://assets.nicepagecdn.com/d2cc3eaa/3854207/images/7883.jpg","usages":["2683625958"]},{"id":"user-image-erer.jpg","publicUrl":"np://user.desktop.nicepage.com/Site_687504595/images/erer.jpg","size":84565,"hash":"sA7+WAEbxKorfv+fdFnUPGEeCnU=","fileName":"erer.jpg","name":"erer","width":700,"height":593,"thumbnail":{"url":"np://user.desktop.nicepage.com/Site_687504595/images/thumbnails/erer.jpg","width":250,"height":212},"folderId":null,"originalUrl":"//images01.nicepagecdn.com/c461c07a441a5d220e8feb1a/b7f5728002c65c2cb787ae12/erer.jpg","usages":["2683625958"]},{"id":"user-image-r3.jpg","publicUrl":"np://user.desktop.nicepage.com/Site_687504595/images/r3.jpg","size":150834,"hash":"HvM6wWeSXSIeZ0RLLYNyp6CeQ+8=","fileName":"r3.jpg","name":"r3","width":800,"height":636,"thumbnail":{"url":"np://user.desktop.nicepage.com/Site_687504595/images/thumbnails/r3.jpg","width":250,"height":199},"folderId":null,"originalUrl":"https://assets.nicepagecdn.com/d2cc3eaa/3854207/images/r3.jpg","usages":["2683625958"]},{"id":"user-image-422.jpg","publicUrl":"np://user.desktop.nicepage.com/Site_687504595/images/422.jpg","size":200704,"hash":"KuSyybeitEg4gt0VoB2eiIuDIjc=","fileName":"422.jpg","name":"422","width":800,"height":636,"thumbnail":{"url":"np://user.desktop.nicepage.com/Site_687504595/images/thumbnails/422.jpg","width":250,"height":199},"folderId":null,"originalUrl":"https://assets.nicepagecdn.com/d2cc3eaa/3854207/images/422.jpg","usages":["2683625958"]},{"id":"user-image-436.jpg","publicUrl":"np://user.desktop.nicepage.com/Site_687504595/images/436.jpg","size":198849,"hash":"75tNqT15AJWllQGcFEprDWrxXo4=","fileName":"436.jpg","name":"436","width":1380,"height":918,"thumbnail":{"url":"np://user.desktop.nicepage.com/Site_687504595/images/thumbnails/436.jpg","width":250,"height":166},"folderId":null,"originalUrl":"https://assets.nicepagecdn.com/d2cc3eaa/3854207/images/436.jpg","usages":["2683625958"]},{"id":"user-image-22.jpg","publicUrl":"np://user.desktop.nicepage.com/Site_687504595/images/22.jpg","size":222626,"hash":"kAsduC2l9NiL712F6MRC2KzFvVc=","fileName":"22.jpg","name":"22","width":1380,"height":920,"thumbnail":{"url":"np://user.desktop.nicepage.com/Site_687504595/images/thumbnails/22.jpg","width":250,"height":167},"folderId":null,"originalUrl":"https://assets.nicepagecdn.com/d2cc3eaa/3854207/images/22.jpg","usages":["2683625958"]},{"id":"user-image-421.png","publicUrl":"np://user.desktop.nicepage.com/Site_687504595/images/421.png","size":91606,"hash":"GVj5sn4jE1fG+wi+O8bbBMnHU8E=","fileName":"421.png","name":"421","width":1980,"height":1132,"thumbnail":{"url":"np://user.desktop.nicepage.com/Site_687504595/images/thumbnails/421.png","width":250,"height":143},"folderId":null,"originalUrl":"https://assets.nicepagecdn.com/d2cc3eaa/3854207/images/421.png","usages":["2683625958"]}]