[{"id":983327214,"status":2,"title":"Blog Template","order":1,"templateKey":"blog","customTemplate":false,"customTemplateFilename":null,"pageLinks":[],"dateCreated":"2023-08-15T02:23:26.450Z","dateUpdated":"2023-08-15T02:23:28.495Z","folderId":null,"pageName":"Blog Template"},{"id":57612978,"status":2,"title":"Post Template","order":2,"templateKey":"post","customTemplate":false,"customTemplateFilename":null,"pageLinks":[],"dateCreated":"2023-08-15T02:23:26.662Z","dateUpdated":"2023-08-15T02:23:28.541Z","folderId":null,"pageName":"Post Template"},{"id":6457818,"status":2,"title":"Product List Template","order":3,"templateKey":"products","customTemplate":false,"customTemplateFilename":null,"pageLinks":[],"dateCreated":"2023-08-15T02:23:26.859Z","dateUpdated":"2023-08-15T02:23:28.573Z","folderId":null,"pageName":"Product List Template"},{"id":79574936,"status":2,"title":"Product Details Template","order":4,"templateKey":"product","customTemplate":false,"customTemplateFilename":null,"pageLinks":[],"dateCreated":"2023-08-15T02:23:27.051Z","dateUpdated":"2023-08-15T02:23:28.605Z","folderId":null,"pageName":"Product Details Template"},{"id":346210869,"status":2,"title":"Shopping Cart Template","order":5,"templateKey":"cart","customTemplate":false,"customTemplateFilename":null,"pageLinks":[],"dateCreated":"2023-08-15T02:23:27.235Z","dateUpdated":"2023-08-15T02:23:28.629Z","folderId":null,"pageName":"Shopping Cart Template"},{"id":118286231,"status":2,"title":"Checkout Template","order":6,"templateKey":"checkout","customTemplate":false,"customTemplateFilename":null,"pageLinks":[],"dateCreated":"2023-08-15T02:23:27.460Z","dateUpdated":"2023-08-15T02:23:28.669Z","folderId":null,"pageName":"Checkout Template"},{"id":65420761,"status":2,"title":"Login Template","order":7,"templateKey":"login","customTemplate":false,"customTemplateFilename":null,"pageLinks":[],"dateCreated":"2023-08-15T02:23:27.601Z","dateUpdated":"2023-08-15T02:23:28.701Z","folderId":null,"pageName":"Login Template"},{"id":22227311,"status":2,"title":"Page Password Template","order":8,"templateKey":"password","customTemplate":false,"customTemplateFilename":null,"pageLinks":[],"dateCreated":"2023-08-15T02:23:27.693Z","dateUpdated":"2023-08-15T02:23:28.726Z","folderId":null,"pageName":"Page Password Template"},{"id":16469764,"status":2,"title":"404 Not Found Template","order":9,"templateKey":"404","customTemplate":false,"customTemplateFilename":null,"pageLinks":[],"dateCreated":"2023-08-15T02:23:27.817Z","dateUpdated":"2023-08-15T02:23:28.758Z","folderId":null,"pageName":"404 Not Found Template"},{"id":2683625958,"status":2,"title":"Casa","order":50,"templateKey":null,"customTemplate":false,"customTemplateFilename":null,"pageLinks":[],"dateCreated":"2023-08-15T02:23:29.641Z","dateUpdated":"2023-08-15T02:25:52.540Z","folderId":null,"pageName":"Casa_2683625958"},{"id":659925996,"status":2,"title":"Acerca de","order":100,"templateKey":null,"customTemplate":false,"customTemplateFilename":null,"pageLinks":[],"dateCreated":"2023-08-15T02:23:27.977Z","dateUpdated":"2023-08-15T02:23:28.814Z","folderId":null,"pageName":"Acerca de_659925996"},{"id":1797601372,"status":2,"title":"Contacto","order":101,"templateKey":null,"customTemplate":false,"customTemplateFilename":null,"pageLinks":[],"dateCreated":"2023-08-15T02:23:28.042Z","dateUpdated":"2023-08-15T02:23:28.846Z","folderId":null,"pageName":"Contacto_1797601372"},{"id":172005245,"status":2,"title":"Página 1","order":102,"templateKey":null,"customTemplate":false,"customTemplateFilename":null,"pageLinks":[],"dateCreated":"2023-08-15T02:30:21.632Z","dateUpdated":"2023-08-15T02:31:31.043Z","folderId":null,"pageName":"Página 1_172005245"}]